{
  "prompt_v1_scores": {
    "faithfulness": 0.7113333333333336,
    "answer_relevancy": 0.7640851309946117,
    "context_recall": 0.49,
    "context_precision": 0.659999999935
  },
  "prompt_v2_scores": {
    "faithfulness": 0.5211219336219336,
    "answer_relevancy": 0.8168831058714444,
    "context_recall": 0.51,
    "context_precision": 0.649999999936
  },
  "target_met": false
}